Date|Customer|CustomerPO|OrderRef|InvoiceDate|TOTAL Sales|TOTAL Gross Profit||Type|Date|Description|Reference|TOTAL Debit(AUD)|TOTAL Credit(AUD)|Credit-Debit
23/08/2024 0:00|Epworth Private Hospital|10145|CRN-12581|22/08/2024|-93.0|-93.0||Sales - Epworth Private Hospital|23 Aug 2024|Epworth Private Hospital - Pricing Adjustment for S/O Discrepancy (PA)|10145|93.0|0.0|-93.0
29/08/2024 0:00|Prince of Wales Public Hospital (POW)|11147|CRN-12716|28/08/2024|-6440.0|-4825.55||Sales - South Eastern Sydney Local Health (POW Public)|29 Aug 2024|South Eastern Sydney Local Health (POW Public) - Katana Polyaxial Screw, 5.5x45mm - IY004 - 236041 (ES-04-1545)|11147|6440.0|0.0|-6440.0
21/08/2024 0:00|Calvary Adelaide Hospital|11224|CRN-12556|21/08/2024|-358.2|-358.2||Sales - Calvary Adelaide Hospital|21 Aug 2024|Calvary Adelaide Hospital - Pricing Adjustment for S/O Discrepancy (PA)|11224|358.2|0.0|-358.2
27/08/2024 0:00|Brisbane Private Hospital|11309|CRN-12636|26/08/2024|-4162.0|-3373.02||Sales - Brisbane Private|27 Aug 2024|Brisbane Private Hospital - Tesera-k SC  Cage 17.5 X 15 X 8 - 12 Deg - IY055 - 354092 (1061-317-508)|11309|4162.0|0.0|-4162.0
12/08/2024 0:00|Mater Hospital Sydney (LHD-Other)|11455|CRN-12374|11/08/2024|-1026.0|-843.72||Sales - Mater Hospital Sydney|12 Aug 2024|Mater Hospital Sydney - Noraker Glass Boneputty 1cc - IY001 - 341771 (GB-IP 1.0)|11455|1026.0|0.0|-1026.0
6/08/2024 0:00|St Vincent's Private Hospital Sydney (SVPHS)(LHD-Other)|11564|CRN-12294|05/08/2024|-6711.0|-5002.120000000001||Sales - St Vincent's Private Hospital Sydney|06 Aug 2024|St Vincent's Private Hospital Sydney - Tesera SA Variable Angle Hex Screw - 4.5 x 25 mm - IY056 - 354092 (1028-453-225)|11564|6711.0|0.0|-6711.0
5/08/2024 0:00|Cairns Hospital|4304017846|CHOS5284-88|09/08/2024|10668.0|5325.09||Sales - Cairns Base Hospital|09 Aug 2024|Cairns Hospital - Obelisc Pro Center Piece, 32-47mm - ER354 - 279702 (CS 2920-32)|4304017846|0.0|10668.0|10668.0
7/08/2024 0:00|Cairns Hospital|4304024873|CHOS5284-89|13/08/2024|10016.0|6070.18||Sales - Cairns Base Hospital|13 Aug 2024|Cairns Hospital - Tesera-k SC Variable Screw 4.0 x 14 - IY056 - 354092 (1061-140-014)|4304024873|0.0|10016.0|10016.0
13/08/2024 0:00|Cairns Hospital|4304034945|CHOS5284-90|16/08/2024|18448.0|10645.650000000001||Sales - Cairns Base Hospital|16 Aug 2024|Cairns Hospital - Katana Polyaxial Screw, 9.5x55mm - IY004 - 396083 (ES-04-1955)|4304034945|0.0|18448.0|18448.0
19/08/2024 0:00|Cairns Hospital|4304051438|CHOS5284-92|23/08/2024|18338.0|12431.880000000001||Sales - Cairns Base Hospital|23 Aug 2024|Cairns Hospital - Tesera-k SC  Cage 17.5 X 15 X 7 - 7 Deg - IY055 - 354092 (1061-217-507)|4304051438|0.0|18338.0|18338.0
19/08/2024 0:00|Cairns Hospital|4304058340|CHOS5284-95|27/08/2024|10716.0|6204.540000000001||Sales - Cairns Base Hospital|27 Aug 2024|Cairns Hospital - Poly Pedicle Screw uCentum 6.5x45mm (Cannulated) - IY066 - 365230 (CS 3802-065-045)|4304058340|0.0|10716.0|10716.0
20/08/2024 0:00|Cairns Hospital|4304058436|CHOS5284-93|27/08/2024|9928.0|6282.820000000001||Sales - Cairns Base Hospital|27 Aug 2024|Cairns Hospital - Tesera-k SA Cage - 34mm X 28mm x 13mm, 17 Deg Lordosis  - IY054 - 354092 (1067-234-813)|4304058436|0.0|9928.0|9928.0
20/08/2024 0:00|Cairns Hospital|4304058437|CHOS5284-94|27/08/2024|5036.0|2988.15||Sales - Cairns Base Hospital|27 Aug 2024|Cairns Hospital - ADD 12mm, Height 24-40mm, 6 Deg - ER309 - 279702 (CS 2250-12-246)|4304058437|0.0|5036.0|5036.0
26/08/2024 0:00|Cairns Hospital|4304065530|CHOS5284-96|29/08/2024|4808.0|3339.8900000000003||Sales - Cairns Base Hospital|29 Aug 2024|Cairns Hospital - Perc Rod 85mm uCentum Straight - IY067 - 365230 (CS 3808-085)|4304065530|0.0|4808.0|4808.0
27/08/2024 0:00|Cairns Hospital|4304068758|CHOS5284-97|29/08/2024|10212.0|8827.41||Sales - Cairns Base Hospital|29 Aug 2024|Cairns Hospital - Katana Polyaxial Screw, 5.5x40mm - IY004 - 396083 (ES-04-1540)|4304068758|0.0|10212.0|10212.0
1/08/2024 0:00|Cairns Private Hospital|4506550777|CPRI5439-88|06/08/2024|2845.0|995.75||Sales - Allograft|06 Aug 2024|Cairns Private Hospital - ENHANCE Demineralized Cortical Fibers Large 5cc Freeze-Dried - CAA22 - 299298 (AU422205)|4506550777|0.0|2845.0|2845.0
6/08/2024 0:00|Greenslopes Private Hospital|4506558909|GPRI5048-394|09/08/2024|10415.0|6321.66||Sales - Greenslopes Private Hospital|09 Aug 2024|Greenslopes Private Hospital - Reduction Pedicle Screw uCentum 6.5x35mm (Cannulated) - IY066 - 365230 (CS 3805-065-035)|4506558909|0.0|10415.0|10415.0
7/08/2024 0:00|The Avenue Hospital|4506561400|AHOS5210-26|13/08/2024|4161.0|3348.4||Sales - The Avenue Hospital|13 Aug 2024|The Avenue Hospital - Tesera-k SC  Cage 16.5 X 13.5 X 6 - 7 Deg - IY055 - 354092 (1061-216-306)|4506561400|0.0|4161.0|4161.0
8/08/2024 0:00|Westmead Private Hospital|4506562745|WPRI5151-138|13/08/2024|18904.0|15034.0||Sales - Westmead Private Hospital|13 Aug 2024|Westmead Private Hospital - PCBA Set Screw - IY011 - 329318 (X31-06-0100)|4506562745|0.0|18904.0|18904.0
8/08/2024 0:00|Cairns Private Hospital|4506567310|CPRI5439-89|16/08/2024|12683.0|8954.57||Sales - Cairns Private Hospital|16 Aug 2024|Cairns Private Hospital - Katana Polyaxial Screw, 5.5x40mm - IY004 - 396083 (ES-04-1540)|4506567310|0.0|12683.0|12683.0
15/08/2024 0:00|Westmead Private Hospital|4506569758|WPRI5151-140|16/08/2024|6262.0|5068.58||Sales - Westmead Private Hospital|16 Aug 2024|Westmead Private Hospital - PCBA Polyaxial Screw, 3.5x14mm - IY005 - 329318 (X31-06-3514)|4506569758|0.0|6262.0|6262.0
23/08/2024 0:00|Cairns Private Hospital|4506582074|CPRI5439-91|27/08/2024|1371.0|1245.22||Sales - Cairns Private Hospital|27 Aug 2024|Cairns Private Hospital - Katana Set Screw - IY010 - 396083 (ES-04-7000)|4506582074|0.0|1371.0|1371.0
26/08/2024 0:00|Greenslopes Private Hospital|4506585947|GPRI5048-401|27/08/2024|895.0|245.0||Sales - Greenslopes Private Hospital|27 Aug 2024|Greenslopes Private Hospital - Pedicle Access Kit (PAK) - Disposable Passive Array - N/A - 311783 (MP6001)|4506585947|0.0|895.0|895.0
25/08/2024 0:00|Greenslopes Private Hospital|4506588198|GPRI5048-400|29/08/2024|2446.0|856.1||Sales - Allograft|29 Aug 2024|Greenslopes Private Hospital - ENHANCE Demineralized Cortical Fibers Medium 2.5cc Freeze-Dried - CAA17 - 299298 (AU422204)|4506588198|0.0|2446.0|2446.0
19/08/2024 0:00|Concord Repatriation General Hospital (SLHD)|47123750-31118|CREP5147-120|21/08/2024|5066.0|4346.11||Sales - Sydney Local Health District (Concord)|21 Aug 2024|Sydney Local Health District (Concord) - Noraker Glass Boneputty 1cc - IY001 - 341771 (GB-IP 1.0)|47123750-31118|0.0|5066.0|5066.0
20/08/2024 0:00|Concord Repatriation General Hospital (SLHD)|47123750-31157|CREP5147-121|23/08/2024|4416.0|3602.9||Sales - Sydney Local Health District (Concord)|23 Aug 2024|Sydney Local Health District (Concord) - Katana Polyaxial Screw, 5.5x40mm - IY004 - 396083 (ES-04-1540)|47123750-31157|0.0|4416.0|4416.0
28/08/2024 0:00|Concord Repatriation General Hospital (SLHD)|47123750-31275|CREP5147-122|30/08/2024|5655.0|4600.74||Sales - Sydney Local Health District (Concord)|30 Aug 2024|Sydney Local Health District (Concord) - Katana Polyaxial Screw, 5.5x40mm - IY004 - 396083 (ES-04-1540)|47123750-31275|0.0|5655.0|5655.0
1/08/2024 0:00|Prince of Wales Public Hospital (POW)|50408163|POF5138-1087A|09/08/2024|2185.0|1774.71||Sales - South Eastern Sydney Local Health (POW Public)|09 Aug 2024|South Eastern Sydney Local Health (POW Public) - Noraker Glass Boneputty 10cc - IY002 - 341771 (GB-IP 10.0)|50408163|0.0|2185.0|2185.0
12/08/2024 0:00|Prince of Wales Public Hospital (POW)|50484411|POF5138-1094|21/08/2024|5550.0|3161.54||Sales - South Eastern Sydney Local Health (POW Public)|21 Aug 2024|South Eastern Sydney Local Health (POW Public) - JAZZ BAND - IY040 - 200830 (150156)|50484411|0.0|5550.0|5550.0
16/08/2024 0:00|St Vincent's Hospital Sydney (SVH)|50516844|SVIN5143-1552|23/08/2024|13432.0|5474.37||Sales - St Vincent's Hospital Sydney Ltd|23 Aug 2024|St Vincent's Hospital Sydney Ltd - Noraker Glass Boneputty 2.5cc - IY001 - 341771 (GB-IP 2.5)|50516844|0.0|13432.0|13432.0
16/08/2024 0:00|St Vincent's Hospital Sydney (SVH)|50516866|SVIN5143-1551|23/08/2024|19737.0|12241.2||Sales - St Vincent's Hospital Sydney Ltd|23 Aug 2024|St Vincent's Hospital Sydney Ltd - Noraker Glass Boneputty 2.5cc - IY001 - 341771 (GB-IP 2.5)|50516866|0.0|19737.0|19737.0
14/08/2024 0:00|Prince of Wales Public Hospital (POW)|50531113|POF5138-1095|27/08/2024|19494.0|15594.91||Sales - South Eastern Sydney Local Health (POW Public)|27 Aug 2024|South Eastern Sydney Local Health (POW Public) - Noraker Glass Boneputty 2.5cc - IY001 - 341771 (GB-IP 2.5)|50531113|0.0|19494.0|19494.0
21/08/2024 0:00|Nepean Public (NBMLHD)|50543854|NPUB5130-193|27/08/2024|937.85|227.32999999999998||Sales - Nepean Blue Mountains Local Health District|27 Aug 2024|Nepean Blue Mountains Local Health District - Tip Control RF Instrument Bipo - D 2.5mm, WL 280mm - Plug to Radioblator RF 4MHz - Single Use - N/A (4993691)|50543854|0.0|937.85|937.85
20/08/2024 0:00|Royal Adelaide Hospital|53208893|RADE5434-12|23/08/2024|5137.0|3579.82||Sales - Royal Adelaide Hospital|23 Aug 2024|Royal Adelaide Hospital - Noraker Glass Boneputty 1cc - IY001 - 341771 (GB-IP 1.0)|53208893|0.0|5137.0|5137.0
19/08/2024 0:00|Nepean Public (NBMLHD)|7813|CRN-12544|18/08/2024|-2185.0|-1797.39||Sales - Nepean Blue Mountains Local Health District|19 Aug 2024|Nepean Blue Mountains Local Health District - Noraker Glass Boneputty 10cc - IY002 (GB-IP 10.0)|7813|2185.0|0.0|-2185.0
16/08/2024 0:00|Nepean Public (NBMLHD)|8215|CRN-12467|15/08/2024|-2185.0|-1797.39||Sales - Nepean Blue Mountains Local Health District|16 Aug 2024|Nepean Blue Mountains Local Health District - Noraker Glass Boneputty 10cc - IY002 - 341771 (GB-IP 10.0)|8215|2185.0|0.0|-2185.0
14/08/2024 0:00|St Andrew's Hospital South Australia|95538|SAND5280-50|16/08/2024|6607.0|4537.74||Sales - St Andrews Hospital|16 Aug 2024|St Andrew's Hospital South Australia - Standalone Locking Cervical Cage Size 6, Large - IY029 - 322672 (HRC6Ld)|95538|0.0|6607.0|6607.0
29/08/2024 0:00|St Andrew's Hospital South Australia|95894|SAND5280-51|29/08/2024|5137.0|3589.04||Sales - St Andrews Hospital|29 Aug 2024|St Andrew's Hospital South Australia - Noraker Glass Boneputty 1cc - IY001 - 341771 (GB-IP 1.0)|95894|0.0|5137.0|5137.0
14/08/2024 0:00|The Memorial Hospital|ACH507198|MHOS5281-26|16/08/2024|9851.0|4876.41||Sales - The Memorial Hospital SA|16 Aug 2024|The Memorial Hospital - Tesera SC Screw, Self-Drilling - 4.0 x 14 mm - IY056 - 354092 (1050-140-014)|ACH507198|0.0|9851.0|9851.0
28/08/2024 0:00|The Memorial Hospital|ACH507887|MHOS5281-28|29/08/2024|7556.0|3666.15||Sales - The Memorial Hospital SA|29 Aug 2024|The Memorial Hospital - Tesera SC Cage - Large, 12 Deg, 17.5 x 15 x 9 mm - IY055 - 354092 (1050-317-509)|ACH507887|0.0|7556.0|7556.0
2/08/2024 0:00|Calvary North Adelaide Hospital|ATH0000499|CNOR5429-71|16/08/2024|19589.0|13545.24||Sales - Calvary North Adelaide Hospital|16 Aug 2024|Calvary North Adelaide Hospital - V-Mix 03 Bone Cement & Mix System - OH503 - OH503 - 235604 (800047)|ATH0000499|0.0|19589.0|19589.0
16/08/2024 0:00|Calvary North Adelaide Hospital|ATH0000572|CNOR5429-73|29/08/2024|22810.0|14185.34||Sales - Calvary North Adelaide Hospital|29 Aug 2024|Calvary North Adelaide Hospital - Tesera SA Variable Angle Hex Screw - 4.5 x 20 mm - IY056 - 354092 (1028-453-220)|ATH0000572|0.0|22810.0|22810.0
8/08/2024 0:00|Centinel Spine Australia Pty Ltd|Additional June Commissions 2024 - Centinel Spine|CSPI5367-20|08/08/2024|8838.15|8838.15||Commissions received|08 Aug 2024|Centinel Spine Australia Pty Ltd - Agent Commissions (COMMS)|Additional June Commissions 2024 - Centinel Spine|0.0|8838.15|8838.15
23/08/2024 0:00|Brisbane Private Hospital|BRP897192|BPRI5115-1203|22/08/2024|200.0|127.01||Sales - Brisbane Private|23 Aug 2024|Brisbane Private Hospital - Kerrison Disposable Tubes - N/A - 259733 (FK888SU)|BRP897192|0.0|200.0|200.0
6/08/2024 0:00|Calvary Adelaide Hospital|CAT0004341|CNOR5429-72|13/08/2024|10768.0|8234.36||Sales - Calvary Adelaide Hospital|13 Aug 2024|Calvary Adelaide Hospital - Standalone Locking Cervical Cage Size 6, Large - IY029 - 322672 (HRC6Ld)|CAT0004341|0.0|10768.0|10768.0
9/08/2024 0:00|Calvary Adelaide Hospital|CAT0004455|CADE5340-102|16/08/2024|13884.0|8575.54||Sales - Calvary Adelaide Hospital|16 Aug 2024|Calvary Adelaide Hospital - Noraker Glass Boneputty 2.5cc - IY001 - 341771 (GB-IP 2.5)|CAT0004455|0.0|13884.0|13884.0
13/08/2024 0:00|Calvary Adelaide Hospital|CAT0004632|CADE5340-103|21/08/2024|10768.0|8226.87||Sales - Calvary Adelaide Hospital|21 Aug 2024|Calvary Adelaide Hospital - Standalone Locking Cervical Cage Size 6 Standard - IY029 - 322672 (HRC6Sd)|CAT0004632|0.0|10768.0|10768.0
5/08/2024 0:00|Calvary Adelaide Hospital|CAT0004887|CADE5340-100|27/08/2024|29383.0|17454.16||Sales - Calvary Adelaide Hospital|27 Aug 2024|Calvary Adelaide Hospital - Noraker Glass Boneputty 2.5cc - IY001 - 341771 (GB-IP 2.5)|CAT0004887|0.0|29383.0|29383.0
27/08/2024 0:00|Calvary Adelaide Hospital|CAT0005128|CADE5340-109|30/08/2024|10768.0|8245.23||Sales - Calvary Adelaide Hospital|30 Aug 2024|Calvary Adelaide Hospital - Standalone Locking Cervical Cage Size 6, Large - IY029 - 322672 (HRC6Ld)|CAT0005128|0.0|10768.0|10768.0
1/08/2024 0:00|Darwin Private Hospital|DAR833674, DAR833709|DPRI5468-3|23/08/2024|15478.0|11382.18||Sales - Darwin Private Hospital|23 Aug 2024|Darwin Private Hospital - Noraker Glass Boneputty 1cc - IY001 - 341771 (GB-IP 1.0)|DAR833674, DAR833709|0.0|15478.0|15478.0
1/08/2024 0:00|Darwin Private Hospital|DAR833708, DAR833604|DPRI5468-4|23/08/2024|6607.0|4542.77||Sales - Darwin Private Hospital|23 Aug 2024|Darwin Private Hospital - Standalone Locking Cervical Cage Size 5, Large - IY029 - 322672 (HRC5Ld)|DAR833708, DAR833604|0.0|6607.0|6607.0
30/08/2024 0:00|K T Medical Pty Ltd|DAVID (July Comms)|KT5524-193|30/08/2024|563.4|563.4||Sales - Allograft|30 Aug 2024|K T Medical Pty Ltd - Cancellous Bone Martix (CBM) - 10cc (1-4mm) - TBV63 - 238244 (DTBVCBM10014)|DAVID (July Comms)|0.0|563.4|563.4
30/08/2024 0:00|K T Medical Pty Ltd|EVANS (July Comms)|KT5524-190|30/08/2024|563.4|563.4||Sales - Allograft|30 Aug 2024|K T Medical Pty Ltd - Cancellous Bone Martix (CBM) - 10cc (1-4mm) - TBV63 - 238244 (DTBVCBM10014)|EVANS (July Comms)|0.0|563.4|563.4
2/08/2024 0:00|Gosford Private Hospital|GOS-668168|GPRI5120-22|06/08/2024|10744.0|9402.4||Sales - Gosford Private Hospital|06 Aug 2024|Gosford Private Hospital - Noraker Glass Boneputty 1cc - IY001 - 341771 (GB-IP 1.0)|GOS-668168|0.0|10744.0|10744.0
2/08/2024 0:00|John Fawkner Private|JFA832649 /1|JFAW5123-1039|06/08/2024|4104.0|2982.73||Sales - John Fawkner Moreland Private Hospital|06 Aug 2024|John Fawkner Private - Noraker Glass Boneputty 2.5cc - IY001 - 341771 (GB-IP 2.5)|JFA832649 /1|0.0|4104.0|4104.0
9/08/2024 0:00|John Fawkner Private|JFA832725|JFAW5123-1040|16/08/2024|3078.0|2230.27||Sales - John Fawkner Moreland Private Hospital|16 Aug 2024|John Fawkner Private - Noraker Glass Boneputty 2.5cc - IY001 - 341771 (GB-IP 2.5)|JFA832725|0.0|3078.0|3078.0
16/08/2024 0:00|John Fawkner Private|JFA832810|JFAW5123-1041|23/08/2024|2052.0|1498.26||Sales - John Fawkner Moreland Private Hospital|23 Aug 2024|John Fawkner Private - Noraker Glass Boneputty 2.5cc - IY001 - 341771 (GB-IP 2.5)|JFA832810|0.0|2052.0|2052.0
23/08/2024 0:00|John Fawkner Private|JFA832858|JFAW5123-1042|29/08/2024|3078.0|2244.06||Sales - John Fawkner Moreland Private Hospital|29 Aug 2024|John Fawkner Private - Noraker Glass Boneputty 2.5cc - IY001 - 341771 (GB-IP 2.5)|JFA832858|0.0|3078.0|3078.0
30/08/2024 0:00|K T Medical Pty Ltd|KHAMAS (July Comms- Credit Note)|CRN-12740|30/08/2024|-581.85|-581.85||Sales - Allograft|30 Aug 2024|K T Medical Pty Ltd - Deminerlised Bone Matrix, Lyophillised - 5cc - TBV54 (DTBVDBM5)|KHAMAS (July Comms- Credit Note)|581.85|0.0|-581.85
14/08/2024 0:00|K T Medical Pty Ltd|KHAMAS (June Comms)|KT5524-88A|14/08/2024|523.8|523.8||Sales - Allograft|14 Aug 2024|K T Medical Pty Ltd - Deminerlised Bone Matrix, Lyophillised - 5cc - TBV54 (DTBVDBM5)|KHAMAS (June Comms)|0.0|523.8|523.8
20/08/2024 0:00|Lingard Private Hospital|LNG-675642|LPRI5091-125|21/08/2024|1026.0|834.61||Sales - Lingard Private Hospital|21 Aug 2024|Lingard Private Hospital - Noraker Glass Boneputty 1cc - IY001 - 341771 (GB-IP 1.0)|LNG-675642|0.0|1026.0|1026.0
26/08/2024 0:00|Lingard Private Hospital|LNG-676481|LPRI5091-126|27/08/2024|1026.0|834.61||Sales - Lingard Private Hospital|27 Aug 2024|Lingard Private Hospital - Noraker Glass Boneputty 1cc - IY001 - 341771 (GB-IP 1.0)|LNG-676481|0.0|1026.0|1026.0
28/08/2024 0:00|Lingard Private Hospital|LNG-676597|LPRI5091-127|29/08/2024|1026.0|738.91||Sales - Lingard Private Hospital|29 Aug 2024|Lingard Private Hospital - Noraker Glass Boneputty 2.5cc - IY001 - 341771 (GB-IP 2.5)|LNG-676597|0.0|1026.0|1026.0
29/08/2024 0:00|Mater Private Hospital- Brisbane|MPO0200254|MPRI5204-112|30/08/2024|10929.0|9650.07||Sales - Mater Private Hospital Brisbane|30 Aug 2024|Mater Private Hospital- Brisbane - Noraker Glass Boneputty 1cc - IY001 - 341771 (GB-IP 1.0)|MPO0200254|0.0|10929.0|10929.0
19/08/2024 0:00|Nepean Private Hospital|NEP838379|NPRI5131-100|18/08/2024|2185.0|1797.39||Sales - Nepean Private Hospital|19 Aug 2024|Nepean Private Hospital - Noraker Glass Boneputty 10cc - IY002 (GB-IP 10.0)|NEP838379|0.0|2185.0|2185.0
1/08/2024 0:00|Newcastle Private Hospital|NEW837267|NPRI5132-44|02/08/2024|1026.0|834.61||Sales - Newcastle Private Hospital|02 Aug 2024|Newcastle Private Hospital - Noraker Glass Boneputty 1cc - IY001 - 341771 (GB-IP 1.0)|NEW837267|0.0|1026.0|1026.0
16/08/2024 0:00|Newcastle Private Hospital|NEW837467|NPRI5132-45|15/08/2024|1026.0|834.61||Sales - Newcastle Private Hospital|16 Aug 2024|Newcastle Private Hospital - Noraker Glass Boneputty 1cc - IY001 - 341771 (GB-IP 1.0)|NEW837467|0.0|1026.0|1026.0
12/08/2024 0:00|Royal Darwin Hospital|NTG2470014888|RDAR5320-12|16/08/2024|6213.0|5437.84||Sales - Royal Darwin Hospital|16 Aug 2024|Royal Darwin Hospital - Noraker Glass Boneputty 1cc - IY001 - 341771 (GB-IP 1.0)|NTG2470014888|0.0|6213.0|6213.0
8/08/2024 0:00|Royal Darwin Hospital|NTG2470014889|RDAR5320-11|16/08/2024|7228.0|6277.01||Sales - Royal Darwin Hospital|16 Aug 2024|Royal Darwin Hospital - Noraker Glass Boneputty 1cc - IY001 - 341771 (GB-IP 1.0)|NTG2470014889|0.0|7228.0|7228.0
5/08/2024 0:00|Norwest Private|NWE887847|NPRI5134-405|21/08/2024|8768.0|7687.1100000000015||Sales - Norwest Private Hospital|21 Aug 2024|Norwest Private - Nitinol K-Wire 1.3x540mm (Sharp - MIS) - N/A - 236041 (ES-7002)|NWE887847|0.0|8768.0|8768.0
19/08/2024 0:00|Norwest Private|NWE887854|NPRI5134-408|21/08/2024|14654.0|9685.16||Sales - Norwest Private Hospital|21 Aug 2024|Norwest Private - Katana Polyaxial Screw, 7.5x40mm - IY004 - 396083 (ES-04-1740)|NWE887854|0.0|14654.0|14654.0
26/08/2024 0:00|Norwest Private|NWE887978|NPRI5134-410|29/08/2024|937.85|227.32999999999998||Sales - Norwest Private Hospital|29 Aug 2024|Norwest Private - Tip Control RF Instrument Bipo - D 2.5mm, WL 280mm - Plug to Radioblator RF 4MHz - Single Use - N/A (4993691)|NWE887978|0.0|937.85|937.85
19/08/2024 0:00|Norwest Private|NWE887979|NPRI5134-406|29/08/2024|8278.0|6047.250000000001||Sales - Norwest Private Hospital|29 Aug 2024|Norwest Private - Nitinol K-Wire 1.3x540mm (Sharp - MIS) - N/A - 236041 (ES-7002)|NWE887979|0.0|8278.0|8278.0
26/08/2024 0:00|Norwest Private|NWE887980|NPRI5134-411|29/08/2024|14051.0|8531.640000000001||Sales - Norwest Private Hospital|29 Aug 2024|Norwest Private - Nitinol K-Wire 1.3x540mm (Sharp - MIS) - N/A - 236041 (ES-7002)|NWE887980|0.0|14051.0|14051.0
2/08/2024 0:00|St Vincent's Private Hospital Sydney (SVPHS)(LHD-Other)|PO00057276|SVIN5145-1633|06/08/2024|19722.0|17497.54||Sales - St Vincent's Private Hospital Sydney|06 Aug 2024|St Vincent's Private Hospital Sydney - Standalone Locking Cervical Cage Size 5, Large - IY029 - 322672 (HRC5Ld)|PO00057276|0.0|19722.0|19722.0
2/08/2024 0:00|St Vincent's Private Hospital Sydney (SVPHS)(LHD-Other)|PO00057277|SVIN5145-1634|06/08/2024|370.0|316.56||Sales - St Vincent's Private Hospital Sydney|06 Aug 2024|St Vincent's Private Hospital Sydney - Disposable Caspar Pin, 14mm - N/A - 236041 (132-20-0002)|PO00057277|0.0|370.0|370.0
6/08/2024 0:00|St Vincent's Private Hospital Sydney (SVPHS)(LHD-Other)|PO00057415|SVIN5145-1635|09/08/2024|10374.0|9074.61||Sales - St Vincent's Private Hospital Sydney|09 Aug 2024|St Vincent's Private Hospital Sydney - Noraker Glass Boneputty 1cc - IY001 - 341771 (GB-IP 1.0)|PO00057415|0.0|10374.0|10374.0
6/08/2024 0:00|St Vincent's Private Hospital Sydney (SVPHS)(LHD-Other)|PO00057416|SVIN5145-1636|09/08/2024|370.0|316.56||Sales - St Vincent's Private Hospital Sydney|09 Aug 2024|St Vincent's Private Hospital Sydney - Disposable Caspar Pin, 14mm - N/A - 236041 (132-20-0002)|PO00057416|0.0|370.0|370.0
6/08/2024 0:00|St Vincent's Private Hospital Sydney (SVPHS)(LHD-Other)|PO00057551|SVIN5145-1637|09/08/2024|25404.0|22480.51||Sales - St Vincent's Private Hospital Sydney|09 Aug 2024|St Vincent's Private Hospital Sydney - Noraker Glass Boneputty 2.5cc - IY001 - 341771 (GB-IP 2.5)|PO00057551|0.0|25404.0|25404.0
7/08/2024 0:00|St Vincent's Private Hospital Sydney (SVPHS)(LHD-Other)|PO00057567|SVIN5145-1639|09/08/2024|5557.0|4858.32||Sales - St Vincent's Private Hospital Sydney|09 Aug 2024|St Vincent's Private Hospital Sydney - Noraker Glass Boneputty 1cc - IY001 - 341771 (GB-IP 1.0)|PO00057567|0.0|5557.0|5557.0
7/08/2024 0:00|St Vincent's Private Hospital Sydney (SVPHS)(LHD-Other)|PO00057569|SVIN5145-1638|09/08/2024|5587.0|4777.83||Sales - St Vincent's Private Hospital Sydney|09 Aug 2024|St Vincent's Private Hospital Sydney - Noraker Glass Boneputty 1cc - IY001 - 341771 (GB-IP 1.0)|PO00057569|0.0|5587.0|5587.0
8/08/2024 0:00|St Vincent's Private Hospital Sydney (SVPHS)(LHD-Other)|PO00057677|SVIN5145-1643|13/08/2024|5557.0|3450.6899999999996||Sales - St Vincent's Private Hospital Sydney|13 Aug 2024|St Vincent's Private Hospital Sydney - Noraker Glass Boneputty 1cc - IY001 - 341771 (GB-IP 1.0)|PO00057677|0.0|5557.0|5557.0
9/08/2024 0:00|St Vincent's Private Hospital Sydney (SVPHS)(LHD-Other)|PO00057722|SVIN5145-1648|13/08/2024|1026.0|745.68||Sales - St Vincent's Private Hospital Sydney|13 Aug 2024|St Vincent's Private Hospital Sydney - Noraker Glass Boneputty 2.5cc - IY001 - 341771 (GB-IP 2.5)|PO00057722|0.0|1026.0|1026.0
9/08/2024 0:00|St Vincent's Private Hospital Sydney (SVPHS)(LHD-Other)|PO00057803|SVIN5145-1644|13/08/2024|1426.0|1080.77||Sales - St Vincent's Private Hospital Sydney|13 Aug 2024|St Vincent's Private Hospital Sydney - Noraker Glass Boneputty 1cc - IY001 - 341771 (GB-IP 1.0)|PO00057803|0.0|1426.0|1426.0
8/08/2024 0:00|St Vincent's Private Hospital Sydney (SVPHS)(LHD-Other)|PO00057821|SVIN5145-1641|13/08/2024|7110.0|5569.170000000001||Sales - St Vincent's Private Hospital Sydney|13 Aug 2024|St Vincent's Private Hospital Sydney - Noraker Glass Boneputty 1cc - IY001 - 341771 (GB-IP 1.0)|PO00057821|0.0|7110.0|7110.0
8/08/2024 0:00|St Vincent's Private Hospital Sydney (SVPHS)(LHD-Other)|PO00057822|SVIN5145-1642|13/08/2024|370.0|316.56||Sales - St Vincent's Private Hospital Sydney|13 Aug 2024|St Vincent's Private Hospital Sydney - Disposable Caspar Pin, 14mm - N/A - 236041 (132-20-0002)|PO00057822|0.0|370.0|370.0
12/08/2024 0:00|St Vincent's Private Hospital Sydney (SVPHS)(LHD-Other)|PO00057841|SVIN5145-1647|13/08/2024|5587.0|4778.8099999999995||Sales - St Vincent's Private Hospital Sydney|13 Aug 2024|St Vincent's Private Hospital Sydney - Noraker Glass Boneputty 1cc - IY001 - 341771 (GB-IP 1.0)|PO00057841|0.0|5587.0|5587.0
12/08/2024 0:00|St Vincent's Private Hospital Sydney (SVPHS)(LHD-Other)|PO00057912|SVIN5145-1645|16/08/2024|7682.0|5202.1||Sales - St Vincent's Private Hospital Sydney|16 Aug 2024|St Vincent's Private Hospital Sydney - PCBA Polyaxial Screw, 3.5x24mm - IY005 - 329318 (X31-06-3524)|PO00057912|0.0|7682.0|7682.0
14/08/2024 0:00|St Vincent's Private Hospital Sydney (SVPHS)(LHD-Other)|PO00058248|SVIN5145-1650|16/08/2024|3472.0|1601.78||Sales - St Vincent's Private Hospital Sydney|16 Aug 2024|St Vincent's Private Hospital Sydney - Noraker Glass Boneputty 2.5cc - IY001 - 341771 (GB-IP 2.5)|PO00058248|0.0|3472.0|3472.0
16/08/2024 0:00|St Vincent's Private Hospital Sydney (SVPHS)(LHD-Other)|PO00058287|SVIN5145-1652|21/08/2024|2185.0|1761.2||Sales - St Vincent's Private Hospital Sydney|21 Aug 2024|St Vincent's Private Hospital Sydney - Noraker Glass Boneputty 10cc - IY002 - 341771 (GB-IP 10.0)|PO00058287|0.0|2185.0|2185.0
19/08/2024 0:00|St Vincent's Private Hospital Sydney (SVPHS)(LHD-Other)|PO00058394|SVIN5145-1655|21/08/2024|14535.0|12754.82||Sales - St Vincent's Private Hospital Sydney|21 Aug 2024|St Vincent's Private Hospital Sydney - Noraker Glass Boneputty 1cc - IY001 - 341771 (GB-IP 1.0)|PO00058394|0.0|14535.0|14535.0
19/08/2024 0:00|St Vincent's Private Hospital Sydney (SVPHS)(LHD-Other)|PO00058395|SVIN5145-1656|23/08/2024|555.0|477.15||Sales - St Vincent's Private Hospital Sydney|23 Aug 2024|St Vincent's Private Hospital Sydney - Disposable Caspar Pin, 12mm - N/A - 236041 (132-20-0001)|PO00058395|0.0|555.0|555.0
19/08/2024 0:00|St Vincent's Private Hospital Sydney (SVPHS)(LHD-Other)|PO00058498|SVIN5145-1653|21/08/2024|12443.0|7299.4800000000005||Sales - St Vincent's Private Hospital Sydney|21 Aug 2024|St Vincent's Private Hospital Sydney - Tesera-k SA Cage - 38mm X 30mm x 13mm, 17 Deg Lordosis  - IY054 - 354092 (1067-238-013)|PO00058498|0.0|12443.0|12443.0
19/08/2024 0:00|St Vincent's Private Hospital Sydney (SVPHS)(LHD-Other)|PO00058499|SVIN5145-1654|21/08/2024|5592.0|5067.28||Sales - St Vincent's Private Hospital Sydney|21 Aug 2024|St Vincent's Private Hospital Sydney - Katana Polyaxial Screw, 5.5x30mm - IY004 - 396083 (ES-04-1530)|PO00058499|0.0|5592.0|5592.0
20/08/2024 0:00|St Vincent's Private Hospital Sydney (SVPHS)(LHD-Other)|PO00058571|SVIN5145-1659|21/08/2024|18778.0|16297.0||Sales - St Vincent's Private Hospital Sydney|21 Aug 2024|St Vincent's Private Hospital Sydney - Noraker Glass Boneputty 2.5cc - IY001 - 341771 (GB-IP 2.5)|PO00058571|0.0|18778.0|18778.0
20/08/2024 0:00|St Vincent's Private Hospital Sydney (SVPHS)(LHD-Other)|PO00058575|SVIN5145-1661|21/08/2024|10744.0|9393.130000000001||Sales - St Vincent's Private Hospital Sydney|21 Aug 2024|St Vincent's Private Hospital Sydney - Noraker Glass Boneputty 1cc - IY001 - 341771 (GB-IP 1.0)|PO00058575|0.0|10744.0|10744.0
21/08/2024 0:00|St Vincent's Private Hospital Sydney (SVPHS)(LHD-Other)|PO00058653|SVIN5145-1665|23/08/2024|21118.0|18449.27||Sales - St Vincent's Private Hospital Sydney|23 Aug 2024|St Vincent's Private Hospital Sydney - Noraker Glass Boneputty 1cc - IY001 - 341771 (GB-IP 1.0)|PO00058653|0.0|21118.0|21118.0
21/08/2024 0:00|St Vincent's Private Hospital Sydney (SVPHS)(LHD-Other)|PO00058682|SVIN5145-1663|23/08/2024|7226.0|6251.2||Sales - St Vincent's Private Hospital Sydney|23 Aug 2024|St Vincent's Private Hospital Sydney - Noraker Glass Boneputty 1cc - IY001 - 341771 (GB-IP 1.0)|PO00058682|0.0|7226.0|7226.0
21/08/2024 0:00|St Vincent's Private Hospital Sydney (SVPHS)(LHD-Other)|PO00058683|SVIN5145-1668|23/08/2024|10744.0|9396.61||Sales - St Vincent's Private Hospital Sydney|23 Aug 2024|St Vincent's Private Hospital Sydney - Noraker Glass Boneputty 1cc - IY001 - 341771 (GB-IP 1.0)|PO00058683|0.0|10744.0|10744.0
23/08/2024 0:00|St Vincent's Private Hospital Sydney (SVPHS)(LHD-Other)|PO00058798|SVIN5145-1673|27/08/2024|1022.85|267.33||Sales - St Vincent's Private Hospital Sydney|27 Aug 2024|St Vincent's Private Hospital Sydney - Tip Control RF Instrument Bipo - D 2.5mm, WL 280mm - Plug to Radioblator RF 4MHz - Single Use - N/A (4993691)|PO00058798|0.0|1022.85|1022.85
23/08/2024 0:00|St Vincent's Private Hospital Sydney (SVPHS)(LHD-Other)|PO00058809, PO00058810|SVIN5145-1671|27/08/2024|13295.0|11303.710000000001||Sales - St Vincent's Private Hospital Sydney|27 Aug 2024|St Vincent's Private Hospital Sydney - Noraker Glass Boneputty 2.5cc - IY001 - 341771 (GB-IP 2.5)|PO00058809, PO00058810|0.0|13295.0|13295.0
19/08/2024 0:00|St Vincent's Private Hospital Sydney (SVPHS)(LHD-Other)|PO00058934|SVIN5145-1657|27/08/2024|17419.0|15103.73||Sales - St Vincent's Private Hospital Sydney|27 Aug 2024|St Vincent's Private Hospital Sydney - Noraker Glass Boneputty 1cc - IY001 - 341771 (GB-IP 1.0)|PO00058934|0.0|17419.0|17419.0
22/08/2024 0:00|St Vincent's Private Hospital Sydney (SVPHS)(LHD-Other)|PO00058937|SVIN5145-1669|27/08/2024|10068.4|6650.05||Sales - St Vincent's Private Hospital Sydney|27 Aug 2024|St Vincent's Private Hospital Sydney - Tesera SA Locking Plate - IY057 - 354092 (1028-003-001)|PO00058937|0.0|10068.4|10068.4
23/08/2024 0:00|St Vincent's Private Hospital Sydney (SVPHS)(LHD-Other)|PO00058941|SVIN5145-1670|27/08/2024|15850.0|12865.33||Sales - St Vincent's Private Hospital Sydney|27 Aug 2024|St Vincent's Private Hospital Sydney - Noraker Glass Boneputty 2.5cc - IY001 - 341771 (GB-IP 2.5)|PO00058941|0.0|15850.0|15850.0
26/08/2024 0:00|St Vincent's Private Hospital Sydney (SVPHS)(LHD-Other)|PO00058952|SVIN5145-1676|27/08/2024|6136.0|3653.7700000000004||Sales - St Vincent's Private Hospital Sydney|27 Aug 2024|St Vincent's Private Hospital Sydney - Noraker Glass Boneputty 1cc - IY001 - 341771 (GB-IP 1.0)|PO00058952|0.0|6136.0|6136.0
23/08/2024 0:00|St Vincent's Private Hospital Sydney (SVPHS)(LHD-Other)|PO00058957|SVIN5145-1675|27/08/2024|10744.0|9402.4||Sales - St Vincent's Private Hospital Sydney|27 Aug 2024|St Vincent's Private Hospital Sydney - Noraker Glass Boneputty 1cc - IY001 - 341771 (GB-IP 1.0)|PO00058957|0.0|10744.0|10744.0
20/08/2024 0:00|St Vincent's Private Hospital Sydney (SVPHS)(LHD-Other)|PO00058959|SVIN5145-1658|27/08/2024|37030.0|24431.22||Sales - St Vincent's Private Hospital Sydney|27 Aug 2024|St Vincent's Private Hospital Sydney - Bilateral scalpel with serrations 80 mm - N/A (231122)|PO00058959|0.0|37030.0|37030.0
26/08/2024 0:00|St Vincent's Private Hospital Sydney (SVPHS)(LHD-Other)|PO00058963|SVIN5145-1682|27/08/2024|10744.0|9400.09||Sales - St Vincent's Private Hospital Sydney|27 Aug 2024|St Vincent's Private Hospital Sydney - Noraker Glass Boneputty 1cc - IY001 - 341771 (GB-IP 1.0)|PO00058963|0.0|10744.0|10744.0
26/08/2024 0:00|St Vincent's Private Hospital Sydney (SVPHS)(LHD-Other)|PO00059031|SVIN5145-1677|27/08/2024|1026.0|843.72||Sales - St Vincent's Private Hospital Sydney|27 Aug 2024|St Vincent's Private Hospital Sydney - Noraker Glass Boneputty 1cc - IY001 - 341771 (GB-IP 1.0)|PO00059031|0.0|1026.0|1026.0
26/08/2024 0:00|St Vincent's Private Hospital Sydney (SVPHS)(LHD-Other)|PO00059032|SVIN5145-1678|27/08/2024|4531.0|4013.44||Sales - St Vincent's Private Hospital Sydney|27 Aug 2024|St Vincent's Private Hospital Sydney - Disposable Caspar Pin, 12mm - N/A - 236041 (132-20-0001)|PO00059032|0.0|4531.0|4531.0
23/08/2024 0:00|St Vincent's Private Hospital Sydney (SVPHS)(LHD-Other)|PO00059049|SVIN5145-1672|27/08/2024|15867.0|10532.93||Sales - St Vincent's Private Hospital Sydney|27 Aug 2024|St Vincent's Private Hospital Sydney - Noraker Glass Boneputty 2.5cc - IY001 - 341771 (GB-IP 2.5)|PO00059049|0.0|15867.0|15867.0
26/08/2024 0:00|St Vincent's Private Hospital Sydney (SVPHS)(LHD-Other)|PO00059050|SVIN5145-1681|29/08/2024|10774.0|9328.64||Sales - St Vincent's Private Hospital Sydney|29 Aug 2024|St Vincent's Private Hospital Sydney - Noraker Glass Boneputty 1cc - IY001 - 341771 (GB-IP 1.0)|PO00059050|0.0|10774.0|10774.0
26/08/2024 0:00|St Vincent's Private Hospital Sydney (SVPHS)(LHD-Other)|PO00059089|SVIN5145-1680|29/08/2024|13009.0|11470.79||Sales - St Vincent's Private Hospital Sydney|29 Aug 2024|St Vincent's Private Hospital Sydney - Noraker Glass Boneputty 1cc - IY001 - 341771 (GB-IP 1.0)|PO00059089|0.0|13009.0|13009.0
21/08/2024 0:00|St Vincent's Private Hospital Sydney (SVPHS)(LHD-Other)|PO00059195|SVIN5145-1664|29/08/2024|7737.0|5752.490000000001||Sales - St Vincent's Private Hospital Sydney|29 Aug 2024|St Vincent's Private Hospital Sydney - Noraker Glass Boneputty 2.5cc - IY001 - 341771 (GB-IP 2.5)|PO00059195|0.0|7737.0|7737.0
28/08/2024 0:00|St Vincent's Private Hospital Sydney (SVPHS)(LHD-Other)|PO00059214|SVIN5145-1687|29/08/2024|21118.0|18437.54||Sales - St Vincent's Private Hospital Sydney|29 Aug 2024|St Vincent's Private Hospital Sydney - Noraker Glass Boneputty 1cc - IY001 - 341771 (GB-IP 1.0)|PO00059214|0.0|21118.0|21118.0
28/08/2024 0:00|St Vincent's Private Hospital Sydney (SVPHS)(LHD-Other)|PO00059296|SVIN5145-1685|29/08/2024|4104.0|2982.73||Sales - St Vincent's Private Hospital Sydney|29 Aug 2024|St Vincent's Private Hospital Sydney - Noraker Glass Boneputty 2.5cc - IY001 - 341771 (GB-IP 2.5)|PO00059296|0.0|4104.0|4104.0
28/08/2024 0:00|St Vincent's Private Hospital Sydney (SVPHS)(LHD-Other)|PO00059297|SVIN5145-1686|29/08/2024|8905.0|8113.239999999999||Sales - St Vincent's Private Hospital Sydney|29 Aug 2024|St Vincent's Private Hospital Sydney - Shuriken TLIF 12 Deg Cage, 30x9mm - IY036 - 393044 (ES-03-1209)|PO00059297|0.0|8905.0|8905.0
27/08/2024 0:00|St Vincent's Private Hospital Sydney (SVPHS)(LHD-Other)|PO00059324|SVIN5145-1683|29/08/2024|6626.0|6034.12||Sales - St Vincent's Private Hospital Sydney|29 Aug 2024|St Vincent's Private Hospital Sydney - Shuriken TLIF 12 Deg Cage, 30x9mm - IY036 - 393044 (ES-03-1209)|PO00059324|0.0|6626.0|6626.0
27/08/2024 0:00|St Vincent's Private Hospital Sydney (SVPHS)(LHD-Other)|PO00059325|SVIN5145-1684|29/08/2024|13692.0|11693.640000000001||Sales - St Vincent's Private Hospital Sydney|29 Aug 2024|St Vincent's Private Hospital Sydney - Katana Polyaxial Screw, 7.5x45mm - IY004 - 396083 (ES-04-1745)|PO00059325|0.0|13692.0|13692.0
26/08/2024 0:00|St Vincent's Private Hospital Sydney (SVPHS)(LHD-Other)|PO00059411|SVIN5145-1679|30/08/2024|15138.8|11527.08||Sales - St Vincent's Private Hospital Sydney|30 Aug 2024|St Vincent's Private Hospital Sydney - Noraker Glass Boneputty 10cc - IY002 - 341771 (GB-IP 10.0)|PO00059411|0.0|15138.8|15138.8
1/08/2024 0:00|Mater Hospital Sydney (LHD-Other)|PO00277352|MHOS5127-1133|09/08/2024|10744.0|9455.55||Sales - Mater Hospital Sydney|09 Aug 2024|Mater Hospital Sydney - Disposable Caspar Pin, 14mm - N/A - 236041 (132-20-0002)|PO00277352|0.0|10744.0|10744.0
8/08/2024 0:00|Mater Hospital Sydney (LHD-Other)|PO00280291|MHOS5127-1134|09/08/2024|10411.0|9206.619999999999||Sales - Mater Hospital Sydney|09 Aug 2024|Mater Hospital Sydney - Katana Set Screw - IY010 - 396083 (ES-04-7000)|PO00280291|0.0|10411.0|10411.0
9/08/2024 0:00|Mater Hospital Sydney (LHD-Other)|PO00280791|MHOS5127-1135|13/08/2024|7288.0|5807.37||Sales - Mater Hospital Sydney|13 Aug 2024|Mater Hospital Sydney - PCBA Set Screw - IY011 - 329318 (X31-06-0100)|PO00280791|0.0|7288.0|7288.0
16/08/2024 0:00|Mater Hospital Sydney (LHD-Other)|PO00282805|MHOS5127-1136|21/08/2024|5557.0|4917.26||Sales - Mater Hospital Sydney|21 Aug 2024|Mater Hospital Sydney - Disposable Caspar Pin, 14mm - N/A - 236041 (132-20-0002)|PO00282805|0.0|5557.0|5557.0
26/08/2024 0:00|St Vincent's Private Hospital FITZROY (VIC)|PO00287224|SVIN5144-1030|29/08/2024|4892.0|1712.2||Sales - Allograft|29 Aug 2024|St Vincent's Melbourne Private Hospital - ENHANCE Demineralized Cortical Fibers Medium 2.5cc Freeze-Dried - CAA17 - 299298 (AU422204)|PO00287224|0.0|4892.0|4892.0
29/08/2024 0:00|Mater Hospital Sydney (LHD-Other)|PO00287930|MHOS5127-1137|29/08/2024|10554.0|9336.17||Sales - Mater Hospital Sydney|29 Aug 2024|Mater Hospital Sydney - Noraker Glass Boneputty 1cc - IY001 - 341771 (GB-IP 1.0)|PO00287930|0.0|10554.0|10554.0
21/08/2024 0:00|St John of God - Berwick|POG0048651|SJOH5294-21|29/08/2024|6136.0|3558.11||Sales - South Eastern Sydney Local Health (St George)|29 Aug 2024|St John of God - Berwick - Tesera SC Locking Plate - IY057 - 354092 (1050-003-004)|POG0048651|0.0|6136.0|6136.0
29/08/2024 0:00|Prince of Wales Private Hospital (POWP)|POW881610|POF5135-1162|29/08/2024|6440.0|4825.55||Sales - Prince of Wales Private Hospital|29 Aug 2024|Prince of Wales Private Hospital - Katana Polyaxial Screw, 5.5x45mm - IY004 - 236041 (ES-04-1545)|POW881610|0.0|6440.0|6440.0
6/08/2024 0:00|Prince of Wales Private Hospital (POWP)|POW882855|POF5135-1154|16/08/2024|17232.0|13865.099999999999||Sales - Prince of Wales Private Hospital|16 Aug 2024|Prince of Wales Private Hospital - Noraker Glass Boneputty 2.5cc - IY001 - 341771 (GB-IP 2.5)|POW882855|0.0|17232.0|17232.0
21/08/2024 0:00|Prince of Wales Private Hospital (POWP)|POW883097|POF5135-1156|29/08/2024|2796.0|2531.25||Sales - Prince of Wales Private Hospital|29 Aug 2024|Prince of Wales Private Hospital - Katana Polyaxial Screw, 6.5x45mm - IY004 - 396083 (ES-04-1645)|POW883097|0.0|2796.0|2796.0
23/08/2024 0:00|Prince of Wales Private Hospital (POWP)|POW883101 /1|POF5135-1157|29/08/2024|18908.0|16233.53||Sales - Prince of Wales Private Hospital|29 Aug 2024|Prince of Wales Private Hospital - Noraker Glass Boneputty 2.5cc - IY001 - 341771 (GB-IP 2.5)|POW883101 /1|0.0|18908.0|18908.0
1/08/2024 0:00|Greenslopes Private Hospital|Purchase order: 4506577502|GPRI5048-387|21/08/2024|16317.0|9368.01||Sales - Greenslopes Private Hospital|21 Aug 2024|Greenslopes Private Hospital - Pedicle Access Kit (PAK) - Disposable Passive Array - N/A - 311783 (MP6001)|4506577502|0.0|16317.0|16317.0
6/08/2024 0:00|Sydney Southwest Private|SSW828112|SSOU5148-190|09/08/2024|7481.0|4473.1900000000005||Sales - Rockhampton Base Hospital|09 Aug 2024|Sydney Southwest Private - uNion Self Drilling/Self-Tapping Fixed Screw - 4.0mm Diameter x 14mm - PC035 (UM 144-40-14)|SSW828112|0.0|7481.0|7481.0
30/08/2024 0:00|K T Medical Pty Ltd|WHILLOCK (July Comms)|KT5524-191|30/08/2024|563.4|563.4||Sales - Allograft|30 Aug 2024|K T Medical Pty Ltd - Cancellous Bone Martix (CBM) - 10cc (1-4mm) - TBV63 - 238244 (DTBVCBM10014)|WHILLOCK (July Comms)|0.0|563.4|563.4
30/08/2024 0:00|K T Medical Pty Ltd|YAZDANI (July Comms)|KT5524-192|30/08/2024|563.4|563.4||Sales - Allograft|30 Aug 2024|K T Medical Pty Ltd - Cancellous Bone Martix (CBM) - 10cc (1-4mm) - TBV63 - 238244 (DTBVCBM10014)|YAZDANI (July Comms)|0.0|563.4|563.4
21/08/2024 0:00|St Vincent's Hospital Sydney (SVH)|50256833|SVIN5143-1537A|21/08/2024|391.0|215.05||Sales - St Vincent's Hospital Sydney Ltd|21 Aug 2024|St Vincent's Hospital Sydney Ltd - Noraker Glass Boneputty 1cc - IY001 - 341771 (GB-IP 1.0)|50256833|0.0|7319.0|7319.0
2/08/2024 0:00|Sydney Adventist Hospital (The San) (LHD-Other)|643454|SADV5149-304A|23/08/2024|11244.0|6575.780000000001||Sales - SAN Hospital|23 Aug 2024|Adventist Healthcare Limited - Tesera SC Locking Plate - IY057 - 354092 (1050-003-004)|643454|0.0|22939.0|22939.0
19/08/2024 0:00|Brisbane Private Hospital|BRP896272|BPRI5115-1095A|21/08/2024|10854.0|9832.56||Sales - Brisbane Private|21 Aug 2024|Brisbane Private Hospital - Katana Polyaxial Screw, 6.5x40mm - IY004 - 396083 (ES-04-1640)|BRP896272|0.0|11249.0|11249.0
14/08/2024 0:00|K T Medical Pty Ltd|CAMERON (June Comms)|KT5524-171|14/08/2024|1047.6|1047.6||Sales - Allograft|02 Aug 2024|K T Medical Pty Ltd - Deminerlised Bone Matrix, Lyophillised - 10cc - TBV55 (DTBVDBM10)|CAMERON (June Comms)|0.0|3974.18|3974.18
30/08/2024 0:00|K T Medical Pty Ltd|TARIQUE (July Comms)|KT5524-194|30/08/2024|2737.8|2737.8||Sales - Allograft|30 Aug 2024|K T Medical Pty Ltd - Cancellous Bone Martix (CBM) - 10cc (1-4mm) - TBV63 - 238244 (DTBVCBM10014)|TARIQUE (July Comms)|0.0|2737.7999999999997|2737.7999999999997
